<aiml version="1.0.1" encoding="UTF-8">
  <category>
    <pattern> DO YOU KNOW WHAT THIS IS </pattern>
    <template>#cnn$</template>
  </category>

  <!-- COCKTAIL SECTION -->
  <category>
    <pattern>MY FAVOURITE COCKTAIL IS A *</pattern>
    <template>
        Ah a good choice! I also enjoy a <set name = "fav"><star/>! </set>
    </template>  
  </category>  

  <category>
    <pattern>DO YOU REMEMBER MY FAVOURITE COCKTAIL</pattern>
    <template>
        <condition>
          <li name="fav" value="unknown">You haven't told me your favourite cocktail yet!</li>
          <li name="fav" value="">You haven't told me your favourite cocktail yet!</li>
          <li>Ofcourse! It's a <get name = "fav"/>!</li>
        </condition>
    </template>  
  </category>  

  <category>
    <pattern> RECOMMEND ME A COCKTAIL </pattern>
    <template>#random$</template>
  </category>

  <category>
    <pattern> SHOW ME A * </pattern>
    <template>#define$<star /></template>
  </category>

  <category>
    <pattern> HOW DO YOU MAKE A * </pattern>
    <template>#recipe$<star /></template>
  </category>

  <category>
    <pattern> WHAT GLASS DO YOU USE FOR A * </pattern>
    <template>#glass$<star /></template>
  </category>

  <category>
    <pattern> WHAT INGREDIENTS ARE IN A * </pattern>
    <template>#ingredients$<star /></template>
  </category>

  <!-- Greetings and Politeness -->
  <category> 
    <pattern> HELLO </pattern>
    <template>Hello! How are you?</template> 
  </category>

  <category> 
    <pattern> HELLO * </pattern>
    <template><srai>HELLO</srai></template> 
  </category>

  <category> 
    <pattern> HI </pattern>
    <template><srai>HELLO</srai></template> 
  </category>

  <category> 
    <pattern> HI * </pattern>
    <template><srai>HELLO</srai></template> 
  </category>

  <category> 
    <pattern> HOW ARE YOU </pattern>
    <template>I'm great thanks! How are you today?</template>
  </category>

  <category>
    <pattern> I AM * </pattern>
    <template>Amazing. Would you like to know anything about cocktails?</template>
  </category>

  <!-- Exit the chatbot -->
  <category>
    <pattern> GOODBYE </pattern>
    <template>#exit$</template>
  </category>

  <category>
    <pattern> BYE </pattern>
    <template>#exit$</template>
  </category>
  
  <!-- Fuzzy Question -->
    <category>
      <pattern> HOW SMOOTH IS *</pattern>
      <template>#fuzzy$<star index="1"/></template>
  </category>  
  
  <!-- NTLK FOL Inputs -->
  <category>
      <pattern> I KNOW THAT * IS *</pattern>
      <template>#knowledge$<star index="1"/> is <star index="2"/></template>
  </category>  

  <category>
      <pattern> CHECK THAT * IS *</pattern>
      <template>#checkknowledge$<star index="1"/> is <star index="2"/></template>
  </category>  

  <!-- Default response, go to bag of words repsonses-->
  <category>
    <pattern> * </pattern>
    <template>|<star /></template>
  </category>
</aiml>