What is a cocktail?, "A cocktail is an alcoholic mixed drink, which is either a combination of spirits, or one or more spirits mixed with other ingredients such as fruit juice, flavored syrup, or cream."
Where do cocktails come from?, "The Oxford English Dictionary cites the word as originating in the U.S. The first recorded use of cocktail as a beverage (possibly non-alcoholic) was in the United States"
How old are cocktails?, " The first known written mention of cocktail as an alcoholic beverage appeared in The Balance and Columbian Repository (Hudson, New York) May 13, 1806. Cocktails are over 200 years old."
How many cocktails are there?, " There are various types of cocktails, based on the number and kind of ingredients added, providing a theoretically infinite amount of drinks!"
Are there cocktails without alcohol?, "Yes, they are referred to as mocktails or virgin cocktails."
When did cocktails become popular?, "Cocktails rose in popularity throughout the 19th century and cocktail parties began in the early 20th century. Recently, in the early 2000's there has been a resurgence in the popularity of cocktails with a new style called mixology."
Where do people drink cocktails?, "People drink cocktails at bars but can easily be made at home with the right ingredients and equipment!"